Date,Rain,T_max,T_min,Himachal_Pradesh,HP_Tourism,HP_Weather,HP_Travel,Party & Holiday Supplies,Geographic Reference,Travel,Hotels & Accommodations,Air Travel,Bus & Rail,Car & Taxi,Tourist Destinations,Travel Agencies,Tourist Arrivals
2010-01-01,-0.9386887800164386,-1.6528620837021597,-1.3891671445855118,-0.5380301925462649,1.5328122302878229,-0.7588688149186098,-1.4883719231625898,0,1.2129889866542725,0.13022357920870095,0,0,-1.5909291650519413,0,0.9873978438923362,0,757377.0
2010-02-01,-0.00035941681734202093,-0.939997776970242,-1.1527169671021706,-0.2712948852245997,1.7540136252229759,-0.8125574929808788,3.0138500715563796,0,1.1141763068014963,0.625708417173515,3,0,-0.22298062313326414,0,0.8162488842843313,8,869384.0
2010-03-01,-0.7078567283086433,0.20520553060371804,-0.39547779111121795,0.08435219120428732,2.528218507496011,-0.8662461710431478,2.0490882155451717,0,2.7939918642986927,0.625708417173515,0,0,1.7312315796077034,0,2.3565895207563754,6,1428569.0
2010-04-01,-0.7453425134246501,1.0665832345714519,0.3288379424453456,1.7736758042415006,4.519031061912388,-0.5441141026695338,3.335437356893449,0,4.276182062090336,3.1031326069975855,6,3,3.8808650026227673,0,3.383483278404405,0,1903137.0
2010-05-01,-0.4304284671005765,1.3916625596320715,0.6311350047974651,3.8186464937076012,5.293235944185423,-0.6514914587940718,-1.4883719231625898,0,6.153622979293084,5.1841689264498045,4,0,7.007604527008315,4,6.121866632132484,6,1592719.0
2010-06-01,1.290605457785044,1.447767620810047,0.7837800560841791,1.4180287278126136,5.0720345492502705,-0.7588688149186098,-1.4883719231625898,0,4.96787082105977,2.805841704218697,0,0,5.639655985089638,0,2.8700363995803904,0,1808553.0
2010-07-01,2.6801808563486293,0.7596555469507651,1.1369588021985364,-0.0045595779029344325,2.0858157176257053,-0.7588688149186098,-1.4883719231625898,0,1.410614346359825,0.4275144819875894,3,0,1.3403891390595097,0,0.6450999246763264,4,1088438.0
2010-08-01,1.9691876254030598,0.411474137875685,1.395856781341688,0.5289110367403961,0.9798087429499405,-0.7051801368563408,-1.4883719231625898,0,0.9165509470959438,-0.0679703559772247,0,0,0.3632830376890261,0,0.1316530458523116,0,1087424.0
2010-09-01,1.3061717392260304,0.2712114849307478,0.6595688868998923,-0.0045595779029344325,1.4222115328202465,-0.6514914587940718,3.657024642230518,0,1.01536362694872,0.5266114495805522,3,3,0.7541254782372196,7,-0.21064487336369822,0,1196179.0
2010-10-01,-0.8092941447317747,0.11114704568770108,-0.17099977451310938,-0.44911842343904324,1.2010101378850935,-0.8125574929808788,3.335437356893449,0,0.3236748679792863,0.13022357920870095,3,0,0.5587042579631228,0,1.158546803500341,0,1484130.0
2010-11-01,-1.042553953479939,-0.5456121998662418,-0.6932852931313753,-0.09347134701015619,1.4222115328202465,-0.7588688149186098,-1.4883719231625898,0,1.1141763068014963,-0.36526125875611315,3,0,0.7541254782372196,0,-0.552942792579708,0,686067.0
2010-12-01,-0.33045454722317874,-1.3525349915141758,-1.3038654982782305,-0.5380301925462649,0.9798087429499405,-0.7588688149186098,1.084326359533964,0,1.01536362694872,-0.8607460967209273,2,2,-0.41840184340736086,0,-1.0663896714037229,0,702911.0
2011-01-01,-0.841482199061883,-1.9845420041954829,-1.4011393054707444,-1.3382361145112607,0.869208045482364,-0.7588688149186098,0.11956450352275637,0,-0.17038853128459494,-0.8607460967209273,0,0,1.1449679187854132,0,-0.21064487336369822,0,724271.0
2011-02-01,-0.7429895150822885,-1.4944477933172897,-1.0419744789137706,-0.7158537307607085,1.2010101378850935,-0.7588688149186098,0.11956450352275637,0,0.42248754783206255,-0.2661642911631503,2,1,0.7541254782372196,0,-0.38179383297170316,0,869384.0
2011-03-01,-0.8711423957220874,-0.16277766476947103,-0.6453966495904454,-0.6269419616534867,1.5328122302878229,-0.7588688149186098,0.4411517888598256,0,0.42248754783206255,-0.2661642911631503,3,2,0.7541254782372196,0,0.30280200546031655,4,1226724.0
2011-04-01,-0.9492690364293193,0.6177427451476519,-0.18446845550899588,0.1732639603115091,2.0858157176257053,-0.7051801368563408,0.11956450352275637,0,1.410614346359825,0.13022357920870095,3,1,0.3632830376890261,1,0.8162488842843313,0,1637327.0
2011-05-01,-0.8755214814901012,1.1193879980330754,0.8152069784079141,2.2182346497776093,2.528218507496011,-0.6514914587940718,1.7275009302081026,0,2.201115785182035,1.5175811255101803,4,1,0.5587042579631228,0,2.0142916015403656,0,1703538.5
2011-06-01,0.0463039488014783,0.8982680510375274,0.6475967260146599,1.4180287278126136,2.0858157176257053,-0.5978027807318028,1.4059136448710332,0,2.0034904254764827,1.4184841579172176,2,0,2.3174952404299938,0,2.0142916015403656,5,1858251.0
2011-07-01,0.6421181009529352,0.7151015277800203,1.4332697841080395,0.3510874985259526,1.2010101378850935,-0.7588688149186098,0.4411517888598256,0,0.7189255873903913,-0.0679703559772247,0,1,-0.6138230636814577,0,0.30280200546031655,0,1144500.5
2011-08-01,0.9534411955795117,0.7283027186454265,1.309058614923753,-0.2712948852245997,0.869208045482364,-0.7588688149186098,-0.20202278181431285,0,0.620112907537615,-0.0679703559772247,1,1,-0.027559402859167394,0,0.1316530458523116,0,1235123.0
2011-09-01,-0.5641071559100246,0.47087949677001134,0.9573763889200494,-0.18238311611737795,0.9798087429499405,-0.8125574929808788,-0.20202278181431285,0,0.1260495082737338,-0.16706732357018753,1,1,0.5587042579631228,0,-0.21064487336369822,2,1290003.5
2011-10-01,-0.9479550572795998,0.06329272880060488,0.026540880093226173,-0.9825890380823737,0.648006650547211,-0.8662461710431478,1.084326359533964,0,0.027236828420957548,-0.7616491291279645,1,1,0.16786181741492937,0,-0.552942792579708,0,1621276.0
2011-11-01,-0.956799391382822,-0.7155775322583421,-0.5690741239470886,-1.249324345404039,0.20560386067690506,-0.8125574929808788,0.11956450352275637,0,-0.4668265708429237,-1.058940031906853,2,1,-0.22298062313326414,0,-0.552942792579708,0,914249.0
2011-12-01,-0.9638292431886496,-0.9911523915736902,-1.366719342925701,-1.0715008071895955,0.09500316320932857,-0.7588688149186098,-0.523610067151382,0,-0.7632646104012525,-1.058940031906853,1,1,-0.6138230636814577,0,-0.552942792579708,2,934846.0
2012-01-01,-0.8152000818743421,-1.9350375384502108,-1.6286103622901609,-0.8047654998679302,-0.01559753425824791,-0.5978027807318028,0.11956450352275637,0,-0.7632646104012525,-1.058940031906853,2,0,-0.22298062313326414,0,-0.8952407117957178,0,766434.5
2012-02-01,-0.8352468168094538,-1.4515439230047202,-1.6181347215155824,-0.5380301925462649,0.31620455814448156,-0.7051801368563408,-0.8451973524884513,2,-0.5656392506957,-1.058940031906853,0,0,-0.027559402859167394,0,-0.552942792579708,0,859705.0
2012-03-01,-0.8668710131630671,-0.05221769127169648,-0.8818468270737865,-0.44911842343904324,0.7586073480147875,-0.7051801368563408,-0.20202278181431285,0,-0.17038853128459494,-0.464358226349076,2,0,0.5587042579631228,1,-0.552942792579708,2,1157742.0
2012-04-01,-0.6252470999141336,0.23820850776723262,0.11333904651116149,-0.2712948852245997,0.869208045482364,-0.7051801368563408,0.11956450352275637,1,0.3236748679792863,-0.0679703559772247,1,1,0.3632830376890261,0,-0.0394959137556933,2,1710796.5
2012-05-01,-1.1256045314830334,1.4527180673845745,0.2285710950315238,2.307146418884831,1.5328122302878229,-0.5978027807318028,1.4059136448710332,0,1.2129889866542725,0.9229993199524035,2,1,1.1449679187854132,1,2.0142916015403656,0,1729801.75
2012-06-01,-0.9892370637384795,1.3619598801849082,1.1803578854075043,1.8625875733487225,0.869208045482364,-0.5978027807318028,0.4411517888598256,0,1.2129889866542725,0.7248053847664778,4,2,-0.027559402859167394,0,1.500844722716351,0,1574009.5
2012-07-01,1.4905761052782145,1.3289569030213944,1.4886410282022398,0.3510874985259526,0.31620455814448156,-0.6514914587940718,-0.523610067151382,1,0.027236828420957548,-0.2661642911631503,1,0,0.7541254782372196,0,0.1316530458523116,0,1087729.75
2012-08-01,2.8219182793839357,0.5764890236932585,1.4272837036654233,-0.3602066543318215,0.20560386067690506,-0.7588688149186098,-0.523610067151382,1,-0.0715758514318187,-0.464358226349076,1,1,-0.6138230636814577,1,0.1316530458523116,1,1210271.5
2012-09-01,0.42475148456246703,0.5071827716498779,0.8795573431660385,-0.18238311611737795,0.09500316320932857,-0.7588688149186098,-0.523610067151382,0,-0.3680138909901475,-0.8607460967209273,1,1,-0.41840184340736086,0,-0.552942792579708,2,1283317.25
2012-10-01,-1.1025902563660097,0.19530463745466384,-0.2607909811523528,-0.44911842343904324,-0.01559753425824791,-0.8125574929808788,-0.8451973524884513,0,-0.5656392506957,-0.9598430643138901,0,1,-0.027559402859167394,0,-0.38179383297170316,0,1593151.0
2012-11-01,-1.0969022598345821,-0.5324110090008355,-0.7292017757870727,-1.249324345404039,-0.1261982317258244,-0.8125574929808788,-0.523610067151382,0,-0.7632646104012525,-1.2571339670927786,1,1,-1.004665504229651,0,-0.7240917521877129,2,941651.0
2012-12-01,-0.9680131960838989,-1.1908204034129544,-0.9985753957048029,0.3510874985259526,-0.1261982317258244,-0.5978027807318028,-0.20202278181431285,0,-0.4668265708429237,-0.7616491291279645,2,1,-0.027559402859167394,0,-0.552942792579708,1,1022930.0
2013-01-01,-0.1847384409379982,-1.8261277138106122,-1.5208609143230687,-0.9825890380823737,0.09500316320932857,-0.5441141026695338,-0.523610067151382,0,-0.5656392506957,-0.7616491291279645,2,1,-0.6138230636814577,0,-0.21064487336369822,2,787516.25
2013-02-01,1.032150700711884,-1.4564943695792476,-1.188633449757868,-0.8047654998679302,0.20560386067690506,-0.4904254246072648,0.11956450352275637,0,-0.17038853128459494,-0.9598430643138901,1,1,-0.41840184340736086,0,-0.21064487336369822,0,854865.5
2013-03-01,0.14625886223023005,-0.48290654325556337,-0.6483896898117535,-0.5380301925462649,0.31620455814448156,-0.7051801368563408,-0.20202278181431285,0,0.027236828420957548,-0.16706732357018753,2,2,0.7541254782372196,1,-0.0394959137556933,0,1123251.0
2013-04-01,-0.8126608203352508,0.3075147598106138,0.014568719207993706,-0.0045595779029344325,0.31620455814448156,-0.7051801368563408,-0.20202278181431285,0,-0.0715758514318187,-0.2661642911631503,2,2,0.5587042579631228,2,-0.0394959137556933,1,1747531.25
2013-05-01,-0.7008724919795658,1.444467323093695,0.5937220020311136,2.2182346497776093,0.648006650547211,-0.5441141026695338,0.7627390741968948,0,0.7189255873903913,1.0220962875453663,1,1,1.7312315796077034,0,1.500844722716351,2,1742933.375
2013-06-01,1.5845553912526975,1.1375396354730083,0.8690817023914601,-0.0045595779029344325,0.426805255612058,-0.2756707123581888,-0.20202278181431285,1,0.620112907537615,1.0220962875453663,2,0,1.1449679187854132,1,1.3296957631083461,1,1431888.75
2013-07-01,1.7878635711280866,0.6012412565658949,1.547005312517748,-0.0045595779029344325,-0.1261982317258244,-0.5978027807318028,-1.1667846378255204,0,-0.4668265708429237,-0.9598430643138901,1,1,-0.6138230636814577,0,-0.38179383297170316,0,1059344.375
2013-08-01,1.697746395518449,0.49728187850082317,1.5275505510792455,-0.5380301925462649,-0.1261982317258244,-0.7051801368563408,-0.8451973524884513,1,-0.6644519305484762,-0.7616491291279645,1,1,-0.22298062313326414,0,-0.552942792579708,2,1197845.75
2013-09-01,-0.29489855019301825,0.3405177369741284,0.7912626566374492,-0.7158537307607085,-0.01559753425824791,-0.7051801368563408,-0.523610067151382,0,-0.5656392506957,-0.7616491291279645,1,1,-0.22298062313326414,0,-0.21064487336369822,1,1279974.125
2013-10-01,-1.0204849324089043,-0.02086486296635788,-0.05427120588209291,-0.44911842343904324,-0.01559753425824791,-0.7588688149186098,-0.20202278181431285,0,-0.4668265708429237,-0.9598430643138901,2,0,-0.22298062313326414,0,-0.552942792579708,0,1579088.5
2013-11-01,-0.9219415645662541,-0.9300968838211878,-0.6558722903650238,-0.8047654998679302,-0.23679892919340087,-0.7051801368563408,-0.20202278181431285,0,-0.6644519305484762,-1.1580369994998156,1,1,-0.41840184340736086,0,-0.8952407117957178,0,955352.0
2013-12-01,-0.8629290757139088,-1.2898293349034982,-1.3891671445855118,-1.0715008071895955,-0.23679892919340087,-0.5978027807318028,-0.8451973524884513,0,-0.6644519305484762,-1.1580369994998156,1,0,-0.41840184340736086,0,-0.552942792579708,0,1066972.0
2014-01-01,-0.3660967068205339,-1.9467370938546766,-1.2331100274465068,-1.0715008071895955,-0.23679892919340087,-0.5441141026695338,-0.20202278181431285,0,-0.8620772902540287,-1.2571339670927786,0,1,-0.41840184340736086,1,-0.8952407117957178,0,883721.125
2014-02-01,0.6940069728527998,-1.5217577569200977,-1.2252682620666795,-0.8047654998679302,-0.1261982317258244,-0.5441141026695338,-0.8451973524884513,0,-0.6644519305484762,-1.058940031906853,1,1,-0.41840184340736086,1,-0.8952407117957178,2,941942.25
2014-03-01,1.0967472841763928,-0.7738442884405276,-0.7917862468146253,-1.1604125762968172,-0.01559753425824791,-0.5441141026695338,-0.523610067151382,0,-0.5656392506957,-0.9598430643138901,1,1,-0.6138230636814577,1,-0.38179383297170316,0,1256459.5
2014-04-01,0.04830216010244993,0.7837972247458761,-0.1061405929173626,-1.0715008071895955,0.09500316320932857,-0.5978027807318028,-0.20202278181431285,0,-0.2692012111373712,-0.8607460967209273,1,1,0.16786181741492937,1,-0.0394959137556933,1,1773931.625
2014-05-01,0.07582096354855024,0.8877566028109473,0.35182449134499205,1.24020518959817,0.20560386067690506,-0.5441141026695338,0.11956450352275637,0,0.027236828420957548,-0.16706732357018753,2,2,0.3632830376890261,1,0.30280200546031655,1,1792791.1875
2014-06-01,-0.2933628291424302,1.3987581997222283,1.046613883118351,1.329116958705392,0.648006650547211,-0.4904254246072648,-0.20202278181431285,1,0.7189255873903913,2.409453833846846,1,1,0.7541254782372196,2,2.3565895207563754,2,1507250.875
2014-07-01,1.2588748253190136,1.0223757466609242,1.4830141125861802,-0.18238311611737795,-0.01559753425824791,-0.5978027807318028,-0.523610067151382,0,-0.4668265708429237,-0.6625521615350016,1,1,-0.027559402859167394,0,-0.0394959137556933,1,1230788.1875
2014-08-01,0.8707238639760085,0.6111586512035309,1.2943029266327037,-0.2712948852245997,-0.1261982317258244,-0.7051801368563408,-0.20202278181431285,0,-0.4668265708429237,-0.464358226349076,1,1,-0.027559402859167394,0,0.1316530458523116,1,1340252.375
2014-09-01,-0.1848055970565471,0.32221758613695933,0.9543534182965283,-0.6269419616534867,-0.1261982317258244,-0.7051801368563408,-0.8451973524884513,0,-0.4668265708429237,-0.6625521615350016,1,0,-0.41840184340736086,0,-0.21064487336369822,1,1480249.5625
2014-10-01,-0.814951730945369,0.07061938973090508,-0.018758783656272093,-1.3382361145112607,-0.23679892919340087,-0.7588688149186098,0.11956450352275637,0,-0.6644519305484762,-1.1580369994998156,1,1,0.3632830376890261,1,-0.552942792579708,0,1724082.25
2014-11-01,-1.0715755334656412,-0.761352661584137,-0.650424957162243,-1.0715008071895955,-0.1261982317258244,-0.8125574929808788,-0.523610067151382,0,-0.8620772902540287,-1.058940031906853,0,0,-0.8092442839555544,0,-0.552942792579708,0,1028015.0
2014-12-01,-0.31835377491862676,-1.1481640554291113,-1.2060230134436682,-0.8047654998679302,-0.23679892919340087,-0.4904254246072648,-0.20202278181431285,0,-0.6644519305484762,-0.8607460967209273,1,1,-0.6138230636814577,1,-0.38179383297170316,0,1016320.0
2015-01-01,-0.07356085313213477,-1.646145977849385,-1.3403057629726567,-0.9825890380823737,-0.23679892919340087,-0.5441141026695338,-0.523610067151382,0,-0.8620772902540287,-1.058940031906853,1,1,-0.8092442839555544,0,-0.7240917521877129,1,967427.5625
2015-02-01,1.1876373886976301,-1.1725532555529488,-1.1552460860891762,-0.893677268975152,-0.23679892919340087,-0.5441141026695338,0.11956450352275637,0,-0.7632646104012525,-1.1580369994998156,1,0,-0.6138230636814577,0,-0.552942792579708,0,1005415.125
2015-03-01,0.8751156207097862,-0.2474468026824677,-0.9070033301338811,-0.2712948852245997,-0.01559753425824791,-0.3830480684827268,-0.523610067151382,0,-0.4668265708429237,-0.5634551939420388,1,1,-0.41840184340736086,1,-0.0394959137556933,0,1377108.75
2015-04-01,0.24018619724508103,0.400599656900307,-0.016813307512421834,0.08435219120428732,0.09500316320932857,-0.4904254246072648,-0.523610067151382,0,-0.17038853128459494,0.13022357920870095,2,1,0.16786181741492937,1,0.8162488842843313,1,1783065.3125
2015-05-01,-0.46881135659266937,0.8795883659629783,0.2768637990023301,1.329116958705392,0.20560386067690506,-0.4904254246072648,0.11956450352275637,0,0.5213002276848387,0.5266114495805522,2,1,0.7541254782372196,0,0.8162488842843313,1,1775288.59375
2015-06-01,0.19160951579590751,1.0252635071627316,0.9512556216674745,0.5289110367403961,0.20560386067690506,-0.3830480684827268,-0.523610067151382,0,0.620112907537615,1.0220962875453663,3,0,0.5587042579631228,1,1.500844722716351,0,1738737.9375
2015-07-01,2.2829600177118037,0.7231212512307544,1.3266576914250447,-0.0045595779029344325,-0.34739962666097735,-0.5978027807318028,-0.8451973524884513,0,-0.5656392506957,-0.8607460967209273,1,1,-0.6138230636814577,0,-0.552942792579708,0,1349056.59375
2015-08-01,0.6824814623939305,0.4789817276636547,1.3902298657256291,-0.8047654998679302,-0.45800032412855385,-0.7051801368563408,-0.523610067151382,0,-0.7632646104012525,-1.2571339670927786,1,1,-0.8092442839555544,0,-0.8952407117957178,0,1452770.1875
2015-09-01,-0.17032521738152942,0.4368864302915913,0.7059011495257419,-0.6269419616534867,-0.34739962666097735,-0.7051801368563408,-0.8451973524884513,0,-0.5656392506957,-0.6625521615350016,1,1,-0.22298062313326414,0,-0.21064487336369822,1,1635031.28125
2015-10-01,-0.9499190569730087,0.1178631515404765,-0.07624012110649443,-1.0715008071895955,-0.34739962666097735,-0.7588688149186098,-0.523610067151382,0,-0.5656392506957,-0.7616491291279645,1,1,-0.22298062313326414,1,-0.38179383297170316,0,1823770.125
2015-11-01,-0.7600294298416199,-0.7396862070762896,-0.42784752110466523,-0.9825890380823737,-0.34739962666097735,-0.7051801368563408,-0.523610067151382,0,-0.8620772902540287,-0.9598430643138901,1,1,-0.22298062313326414,1,-0.552942792579708,1,1065741.5
2015-12-01,-0.6319348356443352,-1.2369090610218025,-1.275865607007893,-0.7158537307607085,-0.34739962666097735,-0.5441141026695338,-0.20202278181431285,0,-0.5656392506957,-0.16706732357018753,1,1,0.16786181741492937,0,0.1316530458523116,1,1013364.0
2016-01-01,-0.7311155530649109,-1.6996438038314419,-1.342610403943064,-1.0715008071895955,-0.45800032412855385,-0.5978027807318028,-0.523610067151382,0,-0.7632646104012525,-1.058940031906853,1,1,-1.004665504229651,0,-0.7240917521877129,0,1077560.78125
2016-02-01,-0.33031643369635194,-0.9488755778272279,-1.035868676862302,-0.8047654998679302,-0.34739962666097735,-0.6514914587940718,-0.523610067151382,0,-0.5656392506957,-1.2571339670927786,1,1,-0.6138230636814577,0,-0.7240917521877129,0,1075960.5625
2016-03-01,0.7726290483214013,-0.19167177127612825,-0.3410942502900494,-0.3602066543318215,-0.34739962666097735,-0.5441141026695338,-0.523610067151382,0,-0.4668265708429237,-0.464358226349076,2,1,-0.027559402859167394,1,-0.0394959137556933,1,1458954.875
2016-04-01,-0.25536006862325517,0.6649039995143148,0.20339962677032247,0.6178228058476178,-0.1261982317258244,-0.5978027807318028,0.11956450352275637,0,0.027236828420957548,-0.16706732357018753,1,1,0.3632830376890261,0,0.1316530458523116,1,1878518.15625
2016-05-01,-0.36370569558088045,1.2198490605188146,0.7536850366589259,2.2182346497776093,-0.1261982317258244,-0.4904254246072648,-0.20202278181431285,0,0.5213002276848387,1.0220962875453663,3,2,0.3632830376890261,0,1.3296957631083461,1,1803054.296875
2016-06-01,-0.05529058759712588,1.0308245088147843,1.2535077884162742,1.1512934204909484,-0.23679892919340087,-0.43673674654499584,0.4411517888598256,0,0.7189255873903913,1.220290222731292,3,1,0.5587042579631228,0,1.500844722716351,2,1936201.46875
2016-07-01,0.5482870652778904,0.7731207616334793,1.3156283382095244,-0.0045595779029344325,-0.34739962666097735,-0.6514914587940718,-0.20202278181431285,0,-0.4668265708429237,-0.5634551939420388,1,1,-0.41840184340736086,0,-0.0394959137556933,1,1449817.296875
2016-08-01,2.291217686100156,0.6442441358099547,1.408367689466756,0.08435219120428732,-0.45800032412855385,-0.7051801368563408,-0.20202278181431285,0,-0.5656392506957,-0.8607460967209273,1,1,-0.6138230636814577,1,-0.552942792579708,0,1533855.09375
2016-09-01,-0.8275922863914643,0.3807318646478712,0.9705756962960183,-0.7158537307607085,-0.5686010215961304,-0.8125574929808788,-0.20202278181431285,0,-0.8620772902540287,-1.058940031906853,1,1,-0.41840184340736086,0,-0.7240917521877129,1,1830371.140625
2016-10-01,-0.9355881946940053,0.34038572506547465,0.044484156219968235,-1.5160596527257042,-0.5686010215961304,-0.8125574929808788,-0.523610067151382,0,-0.8620772902540287,-1.2571339670927786,1,1,-0.41840184340736086,1,-0.7240917521877129,1,1905999.5625
2016-11-01,-1.1311518802944813,-0.5761234522539109,-0.48342827801435684,-1.3382361145112607,-0.45800032412855385,-0.7588688149186098,-0.523610067151382,0,-0.8620772902540287,-1.1580369994998156,0,1,-0.22298062313326414,0,-0.7240917521877129,0,1095895.25
2016-12-01,-1.1298391682413385,-1.196199888690607,-0.8717902119301912,-1.249324345404039,-0.45800032412855385,-0.6514914587940718,-0.20202278181431285,0,-0.6644519305484762,-0.6625521615350016,2,1,-0.41840184340736086,0,-0.38179383297170316,0,1012470.5
2017-01-01,0.5668373591562821,-1.5843314016221217,-1.4970662445636693,-0.9825890380823737,-0.45800032412855385,-0.3293593904204578,-0.523610067151382,0,-0.7632646104012525,-0.6625521615350016,1,1,-0.41840184340736086,0,-0.7240917521877129,0,1063237.390625
2017-02-01,-0.4385378851894909,-1.126431594966937,-1.0277276074603439,-0.9825890380823737,-0.45800032412855385,-0.5441141026695338,-0.523610067151382,0,-0.7632646104012525,-0.9598430643138901,1,1,-0.8092442839555544,0,-0.552942792579708,1,1036915.28125
2017-03-01,-0.05011829937229025,0.257779273225197,-1.0770978059108214,-0.44911842343904324,-0.45800032412855385,-0.43673674654499584,0.11956450352275637,0,-0.4668265708429237,-0.464358226349076,1,1,-0.22298062313326414,0,-0.21064487336369822,1,1409832.4375
2017-04-01,0.18544002256545056,0.9263865875808421,-0.08605729303238517,0.26217572941873085,-0.34739962666097735,-0.43673674654499584,0.11956450352275637,0,-0.17038853128459494,0.13022357920870095,2,1,-0.22298062313326414,0,0.30280200546031655,1,1827269.578125
2017-05-01,0.04163216372431772,0.9840427886855015,0.37751974164492214,0.6178228058476178,-0.23679892919340087,-0.3293593904204578,0.11956450352275637,0,0.1260495082737338,1.1211932551383292,3,1,0.9495466985113163,0,1.158546803500341,1,1753812.6484375
2017-06-01,0.8142557050490601,1.5760831960217923,0.9152643130062443,0.7067345749548396,-0.23679892919340087,-0.0072273220468438305,0.11956450352275637,0,0.9165509470959438,1.6166780931031433,4,1,0.5587042579631228,0,2.6988874399723852,1,1872735.734375
2017-07-01,2.377656480348525,0.7346062872836577,1.5373078622007095,0.26217572941873085,-0.45800032412855385,-0.3830480684827268,-0.523610067151382,0,-0.2692012111373712,-0.2661642911631503,2,1,-0.6138230636814577,0,-0.0394959137556933,0,1350237.1484375
2017-08-01,0.6175148867291148,0.5954657355622798,1.3646244066323379,0.08435219120428732,-0.5686010215961304,-0.4904254246072648,-0.8451973524884513,0,-0.4668265708429237,-0.5634551939420388,2,0,0.16786181741492937,0,-0.552942792579708,0,1389639.546875
2017-09-01,0.14909842565792655,0.44739787851817087,1.0537073884428512,0.08435219120428732,-0.5686010215961304,-0.4904254246072648,-0.8451973524884513,0,-0.6644519305484762,-0.2661642911631503,1,1,0.16786181741492937,0,-0.21064487336369822,2,1616577.0703125
2017-10-01,-1.1311518802944813,0.34376853022473464,0.022215936973435924,0.3510874985259526,-0.5686010215961304,-0.6514914587940718,-0.523610067151382,0,-0.5656392506957,-0.2661642911631503,1,1,0.16786181741492937,0,-0.21064487336369822,1,1764640.78125
2017-11-01,-1.0117052202310781,-0.5321304836949458,-0.7476538687514371,-0.2712948852245997,-0.5686010215961304,-0.43673674654499584,0.11956450352275637,0,-0.4668265708429237,-0.0679703559772247,1,1,-0.22298062313326414,0,-0.21064487336369822,1,1032753.625
2017-12-01,-0.7136727015942866,-1.155787743153883,-1.044204293878645,2.75170526442094,-0.5686010215961304,0.10015003407769417,-0.20202278181431285,0,-0.0715758514318187,0.625708417173515,2,1,0.3632830376890261,0,0.30280200546031655,1,958645.75
2018-01-01,-1.010050392102309,-1.441230492641122,-1.3131738533664985,-0.6269419616534867,-0.5686010215961304,0.20752739020223215,-0.20202278181431285,0,-0.4668265708429237,0.13022357920870095,1,1,-0.027559402859167394,0,-0.0394959137556933,1,1069670.1953125
2018-02-01,-0.45944624579654963,-0.8726056976023455,-1.0837722856043384,-0.8047654998679302,-0.5686010215961304,0.20752739020223215,-0.523610067151382,0,-0.7632646104012525,-0.36526125875611315,1,1,-0.6138230636814577,1,-0.38179383297170316,1,1027023.640625
2018-03-01,-0.2981815974224522,0.16918278102974185,-0.32740109127756484,-0.7158537307607085,-0.45800032412855385,-0.11460467817138183,-0.523610067151382,0,-0.2692012111373712,-0.0679703559772247,1,1,-0.22298062313326414,0,-0.0394959137556933,0,1405645.21875
2018-04-01,-0.13904313710354213,0.7320320550649038,0.1022049368878952,0.08435219120428732,-0.45800032412855385,0.04646135601542517,-0.20202278181431285,0,-0.17038853128459494,0.13022357920870095,1,1,0.16786181741492937,1,0.1316530458523116,1,1804577.2890625
2018-05-01,-0.5884011985692051,1.106434329496396,0.3721472344476741,0.7067345749548396,-0.34739962666097735,0.26121606826450117,-0.20202278181431285,0,0.42248754783206255,0.7248053847664778,2,1,0.7541254782372196,0,0.8162488842843313,0,1740570.82421875
2018-06-01,0.1111058019113626,1.3310360905826957,1.0347764090430773,-0.2712948852245997,-0.45800032412855385,0.47597078051357716,-0.20202278181431285,0,0.7189255873903913,1.1211932551383292,2,1,0.5587042579631228,0,1.158546803500341,1,1862949.8671875
2018-07-01,1.7659757448674764,0.7242928569200594,1.2990768257856904,-0.44911842343904324,-0.5686010215961304,0.10015003407769417,-0.523610067151382,0,-0.6644519305484762,-0.464358226349076,1,1,-0.22298062313326414,0,-0.38179383297170316,0,1370957.57421875
2018-08-01,1.6236617928899109,0.4987340094960179,1.5464665652779128,-0.5380301925462649,-0.6792017190637069,-0.11460467817138183,-0.8451973524884513,0,-0.8620772902540287,-0.9598430643138901,1,1,-0.8092442839555544,0,-1.0663896714037229,1,1344166.7734375
2018-09-01,1.939981049317204,0.4021342953384104,0.8066917789782925,-0.7158537307607085,-0.6792017190637069,-0.0072273220468438305,-0.523610067151382,0,-0.8620772902540287,-0.8607460967209273,1,1,-0.8092442839555544,0,-0.8952407117957178,0,1549209.53515625
2018-10-01,-1.0000213227001593,0.05717067653677311,-0.1517844562923113,-1.1604125762968172,-0.6792017190637069,-0.3830480684827268,-0.8451973524884513,0,-0.8620772902540287,-1.058940031906853,1,1,-0.6138230636814577,0,-0.8952407117957178,1,1742913.390625
2018-11-01,-0.08119257581174905,-0.6970298590924472,-0.46060634632688247,-1.0715008071895955,-0.6792017190637069,-0.06091600010911283,-0.523610067151382,0,-0.7632646104012525,-0.8607460967209273,1,1,-0.41840184340736086,0,-0.8952407117957178,1,1062283.3125
2018-12-01,-1.0909507072152647,-1.4176498654577905,-1.462870760035224,-0.9825890380823737,-0.6792017190637069,0.26121606826450117,-0.8451973524884513,0,-0.7632646104012525,-0.5634551939420388,1,1,-0.41840184340736086,0,-0.7240917521877129,0,972796.375
2019-01-01,0.25912295557927256,-1.9627600392675633,-1.484600232041921,-0.44911842343904324,-0.6792017190637069,1.657121697883495,-0.8451973524884513,0,-0.5656392506957,0.13022357920870095,1,1,-0.41840184340736086,1,-0.552942792579708,1,1105233.09765625
2019-02-01,1.2774263862939819,-1.8686025454200557,-1.2887955407639442,-0.3602066543318215,-0.6792017190637069,1.9792537662571088,-0.20202278181431285,0,-0.6644519305484762,-0.2661642911631503,1,1,-0.6138230636814577,0,-0.8952407117957178,1,819517.3203125
2019-03-01,0.31558477902333903,-0.3761254106430118,-0.9970639103930422,-0.9825890380823737,-0.6792017190637069,0.8517915269494601,-0.523610067151382,0,-0.6644519305484762,-0.5634551939420388,1,1,-0.8092442839555544,0,-0.7240917521877129,0,908236.109375
2019-04-01,-0.34175958287775593,0.523205717062764,0.10210018048014939,-0.18238311611737795,-0.5686010215961304,0.36859342438903914,-0.523610067151382,0,-0.4668265708429237,-0.2661642911631503,1,1,-0.6138230636814577,0,-0.21064487336369822,1,902300.14453125
2019-05-01,-0.20162123572185695,1.3023069989618556,0.547389739405264,-0.2712948852245997,-0.45800032412855385,0.5833481366381151,-0.20202278181431285,0,0.027236828420957548,0.4275144819875894,1,1,0.16786181741492937,0,0.30280200546031655,0,870332.412109375
2019-06-01,-0.08157777317097248,1.3213332152966226,0.9019153536192102,0.6178228058476178,-0.45800032412855385,0.7981028488871912,-0.20202278181431285,0,0.42248754783206255,0.9229993199524035,2,1,0.3632830376890261,0,0.6450999246763264,1,931514.93359375
2019-07-01,1.7447658152752359,0.9347198393146294,1.402501330632992,0.1732639603115091,-0.6792017190637069,0.8517915269494601,-0.20202278181431285,0,-0.4668265708429237,0.13022357920870095,1,1,-0.41840184340736086,0,-0.552942792579708,1,687556.787109375
2019-08-01,2.4715635418181536,0.6096240127654274,1.254016605253897,0.1732639603115091,-0.6792017190637069,0.47597078051357716,-0.8451973524884513,0,-0.7632646104012525,-0.464358226349076,1,1,-0.41840184340736086,0,-0.8952407117957178,1,677246.38671875
2019-09-01,-0.23182501681333392,0.6094094934138645,1.014977447979124,-0.44911842343904324,-0.6792017190637069,0.20752739020223215,-0.523610067151382,1,-0.6644519305484762,-0.464358226349076,1,1,-0.6138230636814577,0,-0.7240917521877129,1,807578.267578125
2019-10-01,-0.929381955662833,-0.2504665750929293,0.1455441592924367,-1.249324345404039,-0.6792017190637069,-0.11460467817138183,-0.523610067151382,0,-0.7632646104012525,-0.6625521615350016,1,1,-0.6138230636814577,0,-0.7240917521877129,0,1018158.1953125
2019-11-01,-0.37118156538159847,-0.761237151164065,-0.4577180625133201,-0.6269419616534867,-0.6792017190637069,0.6370368147003841,-0.523610067151382,0,-0.4668265708429237,-0.0679703559772247,1,1,-0.41840184340736086,0,-0.552942792579708,1,633426.15625
2019-12-01,-0.3711055395870149,-1.5273352600607315,-1.4550589250576098,-0.44911842343904324,-0.5686010215961304,1.442366985634419,-0.20202278181431285,0,-0.17038853128459494,0.22932054680166378,1,1,-0.22298062313326414,0,-0.38179383297170316,1,700639.1875
2020-01-01,0.9206031207057139,-2.080217634992512,-1.45306855331044,-0.2712948852245997,-0.6792017190637069,3.6972914642497168,-0.523610067151382,0,-0.17038853128459494,0.3284175143946266,1,1,-0.41840184340736086,0,-0.38179383297170316,1,756591.548828125
2020-02-01,-1.0911154297701957,-1.3133439561325027,-1.3791703902463426,-0.893677268975152,-0.5686010215961304,0.9591688830739982,-0.20202278181431285,0,-0.5656392506957,-0.36526125875611315,1,1,-0.8092442839555544,0,-0.38179383297170316,0,571543.66015625
2020-03-01,1.0188677273015576,-0.9596510498711155,-0.713159080200861,0.4399992676331743,-0.6792017190637069,2.7308952591288747,-0.523610067151382,0,-0.3680138909901475,0.13022357920870095,1,1,-0.6138230636814577,0,-0.8952407117957178,1,634672.5546875
2020-04-01,0.0262926925705056,0.1897601372911934,-0.2025464184456969,1.24020518959817,-0.7898024165312834,1.2813009514476121,-0.20202278181431285,0,-0.6644519305484762,-0.0679703559772247,1,0,-1.3955079447778447,0,-1.4086875906197327,0,561380.572265625
2020-05-01,-0.34647571633509017,1.2064828547675905,0.2683037039693889,2.396058187992053,-0.7898024165312834,1.2813009514476121,0.4411517888598256,0,-0.5656392506957,0.3284175143946266,1,1,-0.6138230636814577,0,-1.4086875906197327,0,460787.7060546875
2020-06-01,-0.2562837820274454,0.9929535925196509,0.7145360705642156,2.2182346497776093,-0.7898024165312834,1.1739235953230742,1.4059136448710332,0,-0.7632646104012525,-0.36526125875611315,1,1,-0.41840184340736086,0,-1.4086875906197327,0,770212.966796875
2020-07-01,1.1675082924850526,0.9134989249984885,1.2624569786779858,1.24020518959817,-0.6792017190637069,0.8517915269494601,1.4059136448710332,0,-0.7632646104012525,-0.0679703559772247,1,0,-0.8092442839555544,0,-1.2375386310117278,0,806386.3935546875
2020-08-01,1.7361229495276602,0.8621627940206421,1.5396125031711168,0.7067345749548396,-0.6792017190637069,0.36859342438903914,1.4059136448710332,0,-0.8620772902540287,-0.5634551939420388,1,1,-0.8092442839555544,0,-1.2375386310117278,1,494542.193359375
2020-09-01,-0.8940058863465205,0.6639469131765727,0.8802008468136199,0.08435219120428732,-0.5686010215961304,-0.0072273220468438305,2.370675500882241,0,-0.6644519305484762,-0.16706732357018753,1,1,-0.6138230636814577,0,-0.8952407117957178,0,588796.1337890625
2020-10-01,-1.1311518802944813,0.35447799631429544,-0.1685903771349564,-0.6269419616534867,-0.5686010215961304,-0.3830480684827268,0.11956450352275637,0,-0.3680138909901475,-0.0679703559772247,1,1,-0.22298062313326414,0,-0.7240917521877129,1,768219.09765625
2020-11-01,-0.3712867343974391,-0.5889946133476816,-0.8892994972248436,0.1732639603115091,-0.45800032412855385,1.0128575611362671,0.7627390741968948,0,0.22486218812651004,0.7248053847664778,1,1,-0.22298062313326414,0,0.1316530458523116,1,625568.078125
2020-12-01,-0.8856063031416122,-1.1925530597140384,-1.3297552961925456,0.6178228058476178,-0.34739962666097735,1.442366985634419,1.084326359533964,0,0.8177382672431676,1.5175811255101803,1,1,-0.41840184340736086,0,1.158546803500341,1,808303.59375
2021-01-01,-0.7681553201860274,-1.7008979169636556,-1.4329553230232495,0.26217572941873085,-0.45800032412855385,2.032942444319378,-0.20202278181431285,0,0.5213002276848387,1.1211932551383292,1,1,-0.41840184340736086,0,0.6450999246763264,1,762777.7744140625
2021-02-01,-0.8526947366663835,-0.6978549335215349,-1.1250762406583903,-0.18238311611737795,-0.5686010215961304,1.2813009514476121,-0.20202278181431285,1,0.027236828420957548,0.8239023523594406,1,1,-0.6138230636814577,0,-0.38179383297170316,1,709891.330078125
2021-03-01,-0.3891908090218704,-0.06979177661126815,-0.42914949360093413,-0.09347134701015619,-0.5686010215961304,1.1739235953230742,0.4411517888598256,0,0.1260495082737338,0.5266114495805522,1,1,-0.6138230636814577,0,-0.21064487336369822,2,988300.27734375
2021-04-01,0.5864621509314548,0.6685508284908829,-0.24718761334650743,0.4399992676331743,-0.6792017190637069,1.9255650881948398,1.7275009302081026,0,-0.17038853128459494,0.22932054680166378,1,1,-0.6138230636814577,0,-0.7240917521877129,2,1154553.7861328125
2021-05-01,-0.1381777101418657,0.8954792994672105,0.40300547912936063,1.329116958705392,-0.6792017190637069,1.9792537662571088,2.0490882155451717,0,-0.2692012111373712,0.5266114495805522,1,1,-0.6138230636814577,0,-0.7240917521877129,1,1164385.8530273438
2021-06-01,-0.23186049551747284,1.2818121501433137,0.8592944608677827,1.8625875733487225,-0.34739962666097735,1.9792537662571088,5.586548354252933,0,0.620112907537615,1.715775060696106,2,1,0.7541254782372196,0,0.47395096506832146,1,1415364.4833984375
2021-07-01,2.3411767699141746,1.1004442891412187,1.3488660498671508,1.329116958705392,-0.5686010215961304,2.6235179030043367,1.7275009302081026,0,0.5213002276848387,1.5175811255101803,1,1,-0.22298062313326414,1,0.8162488842843313,1,882086.1967773438
2021-08-01,-0.16958016459461034,0.6808114345071287,1.3634870513482407,-0.0045595779029344325,-0.6792017190637069,0.6907254927626532,1.4059136448710332,0,-0.3680138909901475,0.3284175143946266,1,1,-0.41840184340736086,0,-0.552942792579708,1,655257.5966796875
2021-09-01,1.3740969853967233,0.6031719307299601,1.2131915366352541,-0.09347134701015619,-0.6792017190637069,1.0128575611362671,0.7627390741968948,0,-0.2692012111373712,1.0220962875453663,1,1,-0.6138230636814577,0,-0.552942792579708,1,801973.5668945312
2021-10-01,-0.5436334094286686,0.2951221418857142,-0.062352414479624856,-0.6269419616534867,-0.6792017190637069,0.6370368147003841,-0.20202278181431285,0,-0.3680138909901475,0.3284175143946266,1,1,-0.6138230636814577,0,-0.38179383297170316,1,999662.048828125
2021-11-01,-1.1244400697293284,-0.8066657492296426,-0.655378438728508,-0.18238311611737795,-0.6792017190637069,0.04646135601542517,0.11956450352275637,0,-0.5656392506957,0.22932054680166378,1,1,-0.6138230636814577,0,-0.21064487336369822,1,883316.5390625
2021-12-01,-0.7627321468390659,-1.1788898271683435,-1.3804424323403985,0.08435219120428732,-0.5686010215961304,1.9792537662571088,0.7627390741968948,0,0.22486218812651004,0.9229993199524035,1,1,-0.41840184340736086,1,0.1316530458523116,1,1041404.796875
2022-01-01,0.682025307626429,-1.8418866354061907,-1.2017130355249845,0.9734698822765049,-0.6792017190637069,4.448932957121483,0.4411517888598256,0,0.22486218812651004,1.4184841579172176,1,1,-0.41840184340736086,0,-0.21064487336369822,1,762777.7744140625
2022-02-01,0.08184727486587474,-1.4718077509831184,-1.293943569944594,1.0623816513837265,-0.5686010215961304,2.945649971377951,0.11956450352275637,0,0.8177382672431676,0.9229993199524035,1,1,-0.6138230636814577,0,0.47395096506832146,2,709891.330078125
2022-03-01,-1.0409789524354827,0.42345421858604104,-0.47135136072137856,0.4399992676331743,-0.5686010215961304,0.5296594585758462,-0.20202278181431285,0,0.3236748679792863,1.0220962875453663,1,1,-0.22298062313326414,0,0.6450999246763264,1,988300.27734375
2022-04-01,-0.9546871413899751,0.9727887734727435,0.667560304290785,0.7067345749548396,-0.5686010215961304,0.7981028488871912,0.11956450352275637,0,0.7189255873903913,1.6166780931031433,2,2,0.3632830376890261,1,0.47395096506832146,1,1154553.7861328125
2022-05-01,-0.09559312840245403,1.2461854362952989,0.5695232718418376,0.7067345749548396,-0.45800032412855385,1.1739235953230742,0.11956450352275637,0,0.8177382672431676,2.409453833846846,2,2,0.9495466985113163,0,0.9873978438923362,1,1164385.8530273438
2022-06-01,-0.4194237333346043,1.4615298622872324,0.9861395054468206,1.684764035134279,-0.5686010215961304,1.871876410132571,0.11956450352275637,0,1.1141763068014963,2.508550801439809,2,1,0.9495466985113163,0,1.3296957631083461,2,1415364.4833984375
2022-07-01,2.196212051898795,0.7270321040246311,1.5120466027328694,0.3510874985259526,-0.6792017190637069,1.9792537662571088,-0.523610067151382,0,0.1260495082737338,0.3284175143946266,1,1,-0.41840184340736086,0,-0.21064487336369822,1,882086.1967773438
2022-08-01,1.63346278490831,0.7731537646106428,1.562314713249739,0.08435219120428732,-0.6792017190637069,1.2276122733853432,-0.20202278181431285,0,0.1260495082737338,0.13022357920870095,1,1,-0.22298062313326414,0,-0.552942792579708,1,655257.5966796875
2022-09-01,0.17519934803504336,0.6288152439860111,1.0000571424759033,0.08435219120428732,-0.6792017190637069,0.7981028488871912,-0.20202278181431285,0,0.1260495082737338,0.4275144819875894,1,1,-0.22298062313326414,0,-0.21064487336369822,1,801973.5668945312
2022-10-01,-0.507989982734737,0.3275970714146126,0.10649994960547243,-0.0045595779029344325,-0.6792017190637069,0.6370368147003841,-0.20202278181431285,0,-0.0715758514318187,0.22932054680166378,1,1,0.3632830376890261,1,-0.38179383297170316,1,999662.048828125
2022-11-01,-0.8413719616597367,-0.5620146795165084,-0.5684904811039335,-0.18238311611737795,-0.6792017190637069,0.36859342438903914,0.11956450352275637,0,-0.0715758514318187,0.22932054680166378,1,1,-0.22298062313326414,0,-0.38179383297170316,1,883316.5390625
2022-12-01,-1.029369813602571,-1.0832306978598962,-1.2137899528179628,3.7297347246003794,-0.6792017190637069,0.6370368147003841,-0.20202278181431285,0,0.620112907537615,1.6166780931031433,1,1,-0.027559402859167394,0,0.1316530458523116,1,1041404.796875
