,Date,Rain,T_max,T_min,Tourism,Travel_index,Travel,Bus & Rail,Tourist Destinations,Travel Agencies,value_lag_1,value_lag_2,value_lag_3,value_lag_4,value_lag_5,Cluster_ID,Tourist Arrivals,date,dayofweek,quarter,month,year,dayofyear,dayofmonth,weekofyear
0,2010-01-06,1.424956597,0.66561156,0.701526525,2.617250785,1.956571271,1.948924881,0.631997263,2.130383175,2.575466699,28938.0,57215.0,66854.0,94185.0,94966.0,3,26738.0,0,2,1,1,2010,6,6,1
1,2010-01-07,1.925311881,-0.359186469,0.348963723,2.617250785,2.127278832,2.119442145,1.348375633,1.638270971,3.069348451,26738.0,28938.0,57215.0,66854.0,94185.0,4,40931.0,1,3,1,1,2010,7,7,1
2,2010-01-08,0.622243422,-0.895985437,0.569315475,2.060616671,2.297986392,2.289959409,2.064754002,2.212401876,1.958114509,40931.0,26738.0,28938.0,57215.0,66854.0,3,56230.0,2,4,1,1,2010,8,8,1
3,2010-01-09,0.068229177,-0.950885331,0.619681589,3.03472637,2.724755294,2.716252569,1.437922929,3.114607584,3.192818889,56230.0,40931.0,26738.0,28938.0,57215.0,5,44673.0,3,5,1,1,2010,9,9,1
4,2010-01-10,0.639319027,-0.944785343,0.355259488,2.756409313,2.468693953,2.460476673,1.437922929,2.212401876,2.575466699,44673.0,56230.0,40931.0,26738.0,28938.0,3,59414.0,4,6,1,1,2010,10,10,1
5,2010-01-11,0.431245921,-1.420584428,-0.50096446,2.408512992,2.554047733,2.630993937,1.258828336,3.032588883,2.328525823,59414.0,44673.0,56230.0,40931.0,26738.0,3,73843.0,5,0,1,1,2010,11,11,2
6,2010-01-12,-0.785336103,-1.573084135,-1.583835923,1.991037407,2.639401513,2.630993937,3.318416148,2.786532781,2.328525823,73843.0,59414.0,44673.0,56230.0,40931.0,8,88998.0,6,1,1,1,2010,12,12,2
7,2011-01-01,-0.873179988,-0.963085308,-1.974173311,1.434403293,1.188387249,1.266855826,1.16928104,0.900102664,1.464232758,88998.0,73843.0,59414.0,44673.0,56230.0,6,106314.0,7,5,1,1,2011,1,1,52
8,2011-01-02,-0.6268929,-0.340886505,-2.471538692,1.156086236,0.761618347,0.755304034,0.452902671,0.736065263,1.093821444,106314.0,88998.0,73843.0,59414.0,44673.0,1,94185.0,8,6,1,1,2011,2,2,52
9,2011-01-03,-0.833857976,0.683911524,-1.086470542,0.947348444,0.676264567,0.670045402,0.094713486,0.572027861,0.846880568,94185.0,106314.0,88998.0,73843.0,59414.0,6,71199.0,9,0,1,1,2011,3,3,1
10,2011-01-04,-0.601603244,0.738811419,0.638568882,1.156086236,1.359094809,1.352114458,1.437922929,1.146158767,1.217291882,71199.0,94185.0,106314.0,88998.0,73843.0,1,59275.0,10,1,1,1,2011,4,4,1
11,2011-01-05,-0.675071484,0.647311595,0.663751939,1.295244765,1.444448589,1.43737309,1.348375633,1.146158767,1.464232758,59275.0,71199.0,94185.0,106314.0,88998.0,1,29704.0,11,2,1,1,2011,5,5,1
12,2011-01-06,1.176037364,-0.828885566,0.670047704,1.643141086,1.359094809,1.352114458,0.811091856,0.900102664,1.834644071,29704.0,59275.0,71199.0,94185.0,106314.0,4,27509.0,12,3,1,1,2011,6,6,1
13,2011-01-07,0.269291277,-1.164384921,0.443400188,1.364824029,1.017679688,1.01107993,0.184260782,0.982121365,1.464232758,27509.0,29704.0,59275.0,71199.0,94185.0,3,41954.0,13,4,1,1,2011,7,7,1
14,2011-01-08,0.646774853,-1.225384803,0.594498532,1.364824029,1.273741029,1.266855826,0.990186448,1.146158767,1.217291882,41954.0,27509.0,29704.0,59275.0,71199.0,3,58067.0,14,5,1,1,2011,8,8,1
15,2011-01-09,0.132562306,-0.670285871,0.153795029,1.295244765,0.932325908,0.925821298,0.273808079,1.228177467,1.217291882,58067.0,41954.0,27509.0,29704.0,59275.0,3,46056.5,15,6,1,1,2011,9,9,1
16,2011-01-10,-0.223647644,-0.395786399,0.56301971,1.434403293,0.932325908,0.925821298,0.631997263,0.982121365,1.217291882,46056.5,58067.0,41954.0,27509.0,29704.0,5,61552.0,16,0,1,1,2011,10,10,2
17,2011-01-11,-0.084184615,-1.298584663,-1.816779203,1.364824029,0.932325908,0.925821298,0.363355375,1.228177467,0.970351006,61552.0,46056.5,58067.0,41954.0,27509.0,5,76338.0,17,1,1,1,2011,11,11,2
18,2011-01-12,-0.735042226,-1.20098485,-2.559679393,1.2256655,0.846972127,0.840562666,0.273808079,0.572027861,1.217291882,76338.0,61552.0,46056.5,58067.0,41954.0,1,92343.5,18,2,1,1,2011,12,12,2
19,2012-01-01,-0.87794007,-0.889885449,-3.201847353,0.669031387,0.164141885,0.158493611,-0.084381106,0.243953059,0.599939692,92343.5,76338.0,61552.0,46056.5,58067.0,6,509758.5,19,6,1,1,2012,1,1,52
20,2012-01-02,-0.87236774,0.775411348,-1.810483438,0.529872858,0.078788105,0.158493611,-0.084381106,-0.166140445,0.476469254,509758.5,92343.5,76338.0,61552.0,46056.5,6,433032.5,20,0,1,1,2012,2,2,1
21,2012-01-03,-0.846539394,1.001110914,0.141203501,0.599452123,0.164141885,0.158493611,0.273808079,-0.002103044,0.599939692,433032.5,509758.5,92343.5,76338.0,61552.0,6,425142.5,21,1,1,1,2012,3,3,1
22,2012-01-04,-0.405940296,1.293910351,0.33007643,0.599452123,0.249495665,0.243752243,0.273808079,0.40799046,0.476469254,425142.5,433032.5,509758.5,92343.5,76338.0,5,436261.0,22,2,1,1,2012,4,4,1
23,2012-01-05,-0.666802643,0.94621102,1.142230028,0.808189915,0.334849446,0.329010875,0.363355375,0.572027861,0.72341013,436261.0,425142.5,433032.5,509758.5,92343.5,1,508055.5,23,3,1,1,2012,5,5,1
24,2012-01-06,0.445962174,0.726611442,0.657456175,0.808189915,0.164141885,0.158493611,-0.084381106,0.243953059,0.846880568,508055.5,436261.0,425142.5,433032.5,509758.5,3,386106.0,24,4,1,1,2012,6,6,1
25,2012-01-07,0.173380847,-0.548286106,0.411921367,0.738610651,0.420203226,0.414269506,0.094713486,0.572027861,0.846880568,386106.0,508055.5,436261.0,425142.5,433032.5,3,383038.0,25,5,1,1,2012,7,7,1
26,2012-01-08,0.47935554,-0.74348573,0.455991717,0.808189915,0.590910787,0.329010875,0.542449967,0.572027861,0.72341013,383038.0,386106.0,508055.5,436261.0,425142.5,3,450531.0,26,6,1,1,2012,8,8,1
27,2012-01-09,-0.274174085,-0.334786516,0.367851016,0.599452123,0.420203226,0.414269506,0.094713486,0.40799046,0.72341013,450531.0,383038.0,386106.0,508055.5,436261.0,5,469234.75,27,0,1,1,2012,9,9,2
28,2012-01-10,-0.263174251,-0.060287044,0.292301844,0.460293594,0.420203226,0.414269506,0.094713486,0.818083964,0.476469254,469234.75,450531.0,383038.0,386106.0,508055.5,5,588635.0,28,1,1,1,2012,10,10,2
29,2012-01-11,-0.684360232,-0.676385859,-1.508286751,0.39071433,0.164141885,0.158493611,0.452902671,0.572027861,0.352998816,588635.0,469234.75,450531.0,383038.0,386106.0,1,574231.0,29,2,1,1,2012,11,11,2
30,2012-01-12,-0.886917329,-0.511686176,-1.439033344,0.529872858,0.505557006,0.499528138,0.990186448,0.490009161,0.599939692,574231.0,588635.0,469234.75,450531.0,383038.0,6,647128.25,30,3,1,1,2012,12,12,2
31,2013-01-01,-0.892291961,-0.353086481,-2.049722483,0.460293594,0.334849446,0.329010875,0.184260782,0.490009161,0.476469254,647128.25,574231.0,588635.0,469234.75,450531.0,6,753183.25,31,1,1,1,2013,1,1,1
32,2013-01-02,-0.834686316,-0.023687115,-1.495695222,0.181976537,0.164141885,0.158493611,-0.890306771,0.161934358,0.10605794,753183.25,647128.25,574231.0,588635.0,469234.75,8,637798.75,32,2,1,1,2013,2,2,1
33,2013-01-03,-0.61042495,1.220710492,-0.330978823,0.251555801,-0.006565675,-0.012023653,-0.084381106,0.325971759,0.10605794,637798.75,753183.25,647128.25,574231.0,588635.0,7,635508.75,33,3,1,1,2013,3,3,1
34,2013-01-04,-0.383170141,1.598909765,1.299624136,0.251555801,-0.091919456,-0.097282285,-0.173928402,0.079915657,0.229528378,635508.75,637798.75,753183.25,647128.25,574231.0,5,660185.0,34,4,1,1,2013,4,4,1
35,2013-01-05,-0.709198938,1.641609682,1.230370728,0.529872858,0.334849446,0.329010875,0.273808079,0.325971759,0.476469254,660185.0,635508.75,637798.75,753183.25,647128.25,1,801070.75,35,5,1,1,2013,5,5,1
36,2013-01-06,2.844091503,-0.932585367,0.374146781,0.39071433,-0.177273236,-0.182540917,-0.532117587,-0.002103044,0.352998816,801070.75,660185.0,635508.75,637798.75,753183.25,4,591976.5,36,6,1,1,2013,6,6,1
37,2013-01-07,1.577962334,-1.164384921,0.267118787,0.251555801,-0.091919456,-0.097282285,-0.353022994,0.243953059,0.352998816,591976.5,801070.75,660185.0,635508.75,637798.75,4,580493.0,37,0,1,1,2013,7,7,2
38,2013-01-08,0.391917396,-0.871585484,0.235639966,0.321135066,-0.006565675,-0.012023653,0.184260782,0.325971759,0.352998816,580493.0,591976.5,801070.75,660185.0,635508.75,3,675002.0,38,1,1,1,2013,8,8,2
39,2013-01-09,-0.057329464,-0.450686293,0.47487901,0.321135066,0.249495665,0.243752243,0.363355375,0.736065263,0.229528378,675002.0,580493.0,591976.5,801070.75,660185.0,3,719685.375,39,2,1,1,2013,9,9,2
40,2013-01-10,-0.107488861,-0.609285988,0.078245858,0.321135066,0.420203226,0.414269506,0.542449967,0.572027861,0.229528378,719685.375,675002.0,580493.0,591976.5,801070.75,5,881724.5,40,3,1,1,2013,10,10,2
41,2013-01-11,-0.752871842,-1.139984968,0.122316208,0.460293594,0.334849446,0.329010875,0.184260782,0.982121365,0.599939692,881724.5,719685.375,675002.0,580493.0,591976.5,1,858670.5,41,4,1,1,2013,11,11,2
42,2013-01-12,-0.813140281,-0.944785343,-1.287935,0.181976537,0.164141885,0.243752243,0.094713486,0.490009161,0.229528378,858670.5,881724.5,719685.375,675002.0,580493.0,8,957984.125,42,5,1,1,2013,12,12,2
43,2014-01-01,-0.892291961,-0.841512542,-1.375257251,-0.026761255,-0.433334577,-0.438316813,-0.621664883,-0.084121744,-0.017412498,957984.125,858670.5,881724.5,719685.375,675002.0,6,897156.125,43,2,1,1,2014,1,1,1
44,2014-01-02,-0.881753422,0.172061509,-1.132744409,-0.09634052,-0.689395918,-0.694092709,-0.979854068,-0.412196547,-0.140882936,897156.125,957984.125,858670.5,881724.5,719685.375,6,784026.875,44,3,1,1,2014,2,2,1
45,2014-01-03,-0.808359511,1.483436987,-0.134802807,-0.09634052,-0.689395918,-0.694092709,-0.711212179,-0.412196547,-0.140882936,784026.875,897156.125,957984.125,858670.5,881724.5,0,771510.875,45,4,1,1,2014,3,3,1
46,2014-01-04,-0.783525019,1.672170624,1.184033903,-0.09634052,-0.262627016,-0.267799549,0.00516619,-0.084121744,-0.140882936,771510.875,784026.875,897156.125,957984.125,858670.5,0,807761.5,46,5,1,1,2014,4,4,1
47,2014-01-05,-0.396482201,0.790539319,0.988613378,-0.026761255,-0.262627016,-0.267799549,0.452902671,-0.084121744,-0.140882936,807761.5,771510.875,784026.875,897156.125,957984.125,5,982355.375,47,6,1,1,2014,5,5,1
48,2014-01-06,0.582299198,0.362747142,1.177927011,-0.165919784,-0.604042137,-0.608834077,-0.353022994,-0.412196547,-0.140882936,982355.375,807761.5,771510.875,784026.875,897156.125,4,724840.25,48,0,1,1,2014,6,6,2
49,2014-01-07,2.196284038,-0.721525773,0.757810658,-0.026761255,-0.177273236,-0.182540917,0.094713486,0.079915657,-0.017412498,724840.25,982355.375,807761.5,771510.875,784026.875,4,714107.5,49,1,1,1,2014,7,7,2
50,2014-01-08,2.267452695,-0.899340431,0.628180871,0.112397273,0.420203226,0.414269506,0.363355375,0.490009161,0.10605794,714107.5,724840.25,982355.375,807761.5,771510.875,4,821489.0,50,2,1,1,2014,8,8,2
51,2014-01-09,0.381670424,-0.700907812,0.729794507,0.251555801,0.761618347,0.755304034,0.811091856,0.982121365,0.229528378,821489.0,714107.5,724840.25,982355.375,807761.5,3,882900.1875,51,3,1,1,2014,9,9,2
52,2014-01-10,0.344591674,-0.456786282,0.255723454,0.181976537,0.249495665,0.243752243,1.079733744,0.325971759,0.229528378,882900.1875,821489.0,714107.5,724840.25,982355.375,3,1058735.25,52,4,1,1,2014,10,10,2
53,2014-01-11,-0.828725104,-1.23764578,-0.420063888,0.181976537,0.334849446,0.329010875,0.721544559,0.490009161,0.229528378,1058735.25,882900.1875,821489.0,714107.5,724840.25,8,1026126.75,53,5,1,1,2014,11,11,2
54,2014-01-12,-0.778422414,-1.294253671,-0.965591867,0.251555801,0.676264567,0.670045402,1.16928104,0.572027861,0.10605794,1026126.75,1058735.25,882900.1875,821489.0,714107.5,8,1138417.063,54,6,1,1,2014,12,12,2
55,2015-01-01,-0.892291961,-0.964610305,-2.146362465,-0.026761255,-0.006565675,-0.012023653,1.079733744,0.161934358,-0.017412498,1138417.063,1026126.75,1058735.25,882900.1875,821489.0,6,987193.5625,55,3,1,1,2015,1,1,1
56,2015-01-02,-0.87387653,0.144977561,-1.328857468,-0.026761255,-0.262627016,-0.267799549,0.00516619,-0.084121744,-0.017412498,987193.5625,1138417.063,1026126.75,1058735.25,882900.1875,6,895068.9375,56,4,1,1,2015,2,2,1
57,2015-01-03,-0.538016464,1.208693515,0.088130208,-0.09634052,-0.091919456,-0.012023653,0.184260782,0.161934358,-0.140882936,895068.9375,987193.5625,1138417.063,1026126.75,1058735.25,7,865988.9375,57,5,1,1,2015,3,3,1
58,2015-01-04,-0.061733613,1.435186079,0.464931702,-0.026761255,0.420203226,0.414269506,0.990186448,0.490009161,-0.140882936,865988.9375,895068.9375,987193.5625,1138417.063,1026126.75,5,910302.75,58,6,1,1,2015,4,4,1
59,2015-01-05,-0.200065625,0.649446591,0.885929462,-0.09634052,0.334849446,0.329010875,1.079733744,0.572027861,-0.264353374,910302.75,865988.9375,895068.9375,987193.5625,1138417.063,5,1094352.688,59,0,1,1,2015,5,5,2
60,2015-01-06,1.424030174,-0.391821407,1.01581108,-0.09634052,0.164141885,0.158493611,0.363355375,0.243953059,-0.140882936,1094352.688,910302.75,865988.9375,895068.9375,987193.5625,4,808227.125,60,1,1,1,2015,6,6,2
61,2015-01-07,-0.07123232,-0.35882047,0.609860197,-0.305078312,-0.091919456,-0.097282285,0.094713486,-0.002103044,-0.264353374,808227.125,1094352.688,910302.75,865988.9375,895068.9375,3,813996.75,61,2,1,1,2015,7,7,2
62,2015-01-08,-0.267096414,0.300466262,0.916778707,-0.305078312,-0.091919456,-0.097282285,0.452902671,-0.166140445,-0.387823811,813996.75,808227.125,1094352.688,910302.75,865988.9375,5,932425.5,62,3,1,1,2015,8,8,2
63,2015-01-09,-0.193367642,0.349144168,0.865279355,-0.235499048,0.164141885,0.158493611,0.452902671,0.325971759,-0.387823811,932425.5,813996.75,808227.125,1094352.688,910302.75,5,1006080.094,63,4,1,1,2015,9,9,2
64,2015-01-10,-0.227030352,-0.481735234,0.666710949,-0.165919784,0.334849446,0.329010875,0.900639152,0.325971759,-0.264353374,1006080.094,932425.5,813996.75,808227.125,1094352.688,5,1197963.125,64,5,1,1,2015,10,10,2
65,2015-01-11,-0.308929882,-0.958022318,-0.100050188,-0.165919784,0.420203226,0.414269506,0.631997263,0.325971759,-0.264353374,1197963.125,1006080.094,932425.5,813996.75,808227.125,5,1106873.375,65,6,1,1,2015,11,11,2
66,2015-01-12,-0.663731425,-0.957290319,-0.5330099,-0.026761255,0.761618347,0.840562666,1.796112113,0.654046562,-0.140882936,1106873.375,1197963.125,1006080.094,932425.5,813996.75,1,1272508.031,66,0,1,1,2015,12,12,3
67,2016-01-01,-0.872356246,-0.25487667,-1.970899513,-0.305078312,-0.262627016,-0.267799549,-0.173928402,-0.248159146,-0.264353374,1272508.031,1106873.375,1197963.125,1006080.094,932425.5,6,1104133.781,67,4,1,1,2016,1,1,53
68,2016-01-02,-0.884443803,1.181304568,-1.125882026,-0.374657577,-0.518688357,-0.523575445,-0.621664883,-0.330177847,-0.264353374,1104133.781,1272508.031,1106873.375,1197963.125,1006080.094,6,964815.9688,68,5,1,1,2016,2,2,53
69,2016-01-03,-0.577780998,2.232820545,0.526819065,-0.305078312,-0.262627016,-0.267799549,-0.084381106,-0.166140445,-0.387823811,964815.9688,1104133.781,1272508.031,1106873.375,1197963.125,7,940432.9688,69,6,1,1,2016,3,3,53
70,2016-01-04,-0.696866557,2.790786472,2.083761582,-0.305078312,0.249495665,0.329010875,0.452902671,0.243953059,-0.387823811,940432.9688,964815.9688,1104133.781,1272508.031,1106873.375,1,1061777.375,70,0,1,1,2016,4,4,1
71,2016-01-05,0.032657683,2.323466371,1.225900735,-0.165919784,0.334849446,0.329010875,0.452902671,0.40799046,-0.264353374,1061777.375,940432.9688,964815.9688,1104133.781,1272508.031,3,1216341.344,71,1,1,1,2016,5,5,1
72,2016-01-06,0.39572117,-0.194181787,0.486778004,-0.374657577,-0.091919456,-0.097282285,-0.263475698,0.079915657,-0.387823811,1216341.344,1061777.375,940432.9688,964815.9688,1104133.781,3,917794.0625,72,2,1,1,2016,6,6,1
73,2016-01-07,0.544723519,-0.84248854,0.766184025,-0.444236841,-0.091919456,-0.012023653,-0.084381106,-0.002103044,-0.387823811,917794.0625,1216341.344,1061777.375,940432.9688,964815.9688,4,948579.375,73,3,1,1,2016,7,7,1
74,2016-01-08,-0.076198145,-0.481552234,0.847336427,-0.444236841,0.078788105,0.073234979,0.631997263,-0.002103044,-0.387823811,948579.375,917794.0625,1216341.344,1061777.375,940432.9688,3,1035479.25,74,4,1,1,2016,8,8,1
75,2016-01-09,-0.527052261,-0.661196889,0.15832798,-0.305078312,0.334849446,0.329010875,0.811091856,0.40799046,-0.264353374,1035479.25,948579.375,917794.0625,1216341.344,1061777.375,7,1097519.547,75,5,1,1,2016,9,9,1
76,2016-01-10,-0.506639543,-0.07791601,0.363192151,-0.374657577,0.164141885,0.158493611,0.542449967,0.161934358,-0.387823811,1097519.547,1035479.25,948579.375,917794.0625,1216341.344,7,1288576.563,76,6,1,1,2016,10,10,1
77,2016-01-11,-0.806584058,0.017426806,-0.756257703,-0.444236841,0.078788105,0.073234979,-0.263475698,0.079915657,-0.387823811,1288576.563,1097519.547,1035479.25,948579.375,917794.0625,8,1254241.688,77,0,1,1,2016,11,11,2
78,2016-01-12,-0.735259081,-0.317828549,-0.963703137,-0.513816105,0.334849446,0.329010875,0.721544559,0.243953059,-0.511294249,1254241.688,1288576.563,1097519.547,1035479.25,948579.375,1,1452558.516,78,1,1,1,2016,12,12,2
79,2017-01-01,-0.868919133,-0.54615111,-1.717935703,-0.513816105,-0.177273236,-0.097282285,0.184260782,-0.084121744,-0.511294249,1452558.516,1254241.688,1288576.563,1097519.547,1035479.25,6,1263308.391,79,6,1,1,2017,1,1,52
80,2017-01-02,-0.892291961,0.936878038,-1.223844119,-0.583395369,-0.433334577,-0.438316813,-0.442570291,-0.330177847,-0.634764687,1263308.391,1452558.516,1254241.688,1288576.563,1097519.547,6,1095796.984,80,0,1,1,2017,2,2,1
81,2017-01-03,-0.126967111,1.523635909,0.125401132,-0.513816105,-0.433334577,-0.438316813,-0.353022994,-0.166140445,-0.511294249,1095796.984,1263308.391,1452558.516,1254241.688,1288576.563,3,1084441.984,81,1,1,1,2017,3,3,1
82,2017-01-04,-0.575998649,1.84577629,1.552713861,-0.513816105,0.078788105,0.073234979,0.452902671,0.161934358,-0.511294249,1084441.984,1095796.984,1263308.391,1452558.516,1254241.688,7,1266164.688,82,2,1,1,2017,4,4,1
83,2017-01-05,-0.232242151,1.449704052,1.00139378,-0.444236841,0.334849446,0.329010875,0.452902671,0.325971759,-0.387823811,1266164.688,1084441.984,1095796.984,1263308.391,1452558.516,5,1405336.672,83,3,1,1,2017,5,5,1
84,2017-01-06,0.459713308,-0.305079573,0.892477057,-0.513816105,-0.091919456,-0.097282285,0.00516619,0.40799046,-0.511294249,1405336.672,1266164.688,1084441.984,1095796.984,1263308.391,4,1001016.031,84,4,1,1,2017,6,6,1
85,2017-01-07,0.068746028,-0.197048781,0.599786974,-0.652974633,-0.262627016,-0.267799549,0.00516619,-0.002103044,-0.634764687,1001016.031,1405336.672,1266164.688,1084441.984,1095796.984,3,1062786.688,85,5,1,1,2017,7,7,1
86,2017-01-08,0.678609622,-0.668028875,0.975455231,-0.583395369,-0.006565675,-0.012023653,0.452902671,-0.002103044,-0.511294249,1062786.688,1001016.031,1405336.672,1266164.688,1084441.984,4,1015528.125,86,6,1,1,2017,8,8,1
87,2017-01-09,0.50021921,-0.542552117,0.546776638,-0.444236841,0.420203226,0.414269506,0.990186448,0.572027861,-0.387823811,1015528.125,1062786.688,1001016.031,1405336.672,1266164.688,3,1108482.273,87,0,1,1,2017,9,9,2
88,2017-01-10,-0.252458321,-0.341984503,0.513723876,-0.374657577,0.334849446,0.329010875,0.721544559,0.325971759,-0.264353374,1108482.273,1015528.125,1062786.688,1001016.031,1405336.672,5,1284802.281,88,1,1,1,2017,10,10,2
89,2017-01-11,-0.686473227,-0.654791901,-0.060764619,-0.444236841,0.249495665,0.329010875,0.542449967,0.325971759,-0.264353374,1284802.281,1108482.273,1015528.125,1062786.688,1001016.031,1,1309523.344,89,2,1,1,2017,11,11,2
90,2017-01-12,-0.79631678,-0.914956401,-1.41643155,-0.513816105,0.590910787,0.58478677,0.811091856,0.243953059,-0.511294249,1309523.344,1284802.281,1108482.273,1015528.125,1062786.688,0,1546268.258,90,3,1,1,2017,12,12,2
91,2018-01-01,-0.888356388,-0.737812741,-1.682049846,-0.583395369,0.078788105,0.158493611,0.631997263,0.079915657,-0.634764687,1546268.258,1309523.344,1284802.281,1108482.273,1015528.125,6,1389429.695,91,0,1,1,2018,1,1,1
92,2018-01-02,-0.786139923,0.456808961,-1.525914891,-0.652974633,-0.433334577,-0.438316813,-0.353022994,-0.330177847,-0.634764687,1389429.695,1546268.258,1309523.344,1284802.281,1108482.273,0,1215730.992,92,1,1,1,2018,2,2,1
93,2018-01-03,-0.645169253,1.08114276,-0.35244738,-0.583395369,-0.262627016,-0.182540917,-0.173928402,-0.248159146,-0.511294249,1215730.992,1389429.695,1546268.258,1309523.344,1284802.281,7,1211846.992,93,2,1,1,2018,3,3,1
94,2018-01-04,-0.659238389,1.296350346,1.1873077,-0.583395369,-0.091919456,-0.097282285,0.363355375,-0.002103044,-0.634764687,1211846.992,1215730.992,1389429.695,1546268.258,1309523.344,7,1439710.844,94,3,1,1,2018,4,4,1
95,2018-01-05,0.579816093,0.471692933,0.763539804,-0.513816105,-0.091919456,-0.097282285,0.273808079,0.079915657,-0.511294249,1439710.844,1211846.992,1215730.992,1389429.695,1546268.258,4,1612161.336,95,4,1,1,2018,5,5,1
96,2018-01-06,1.451961553,-0.491556215,0.588643471,-0.722553898,-0.689395918,-0.694092709,-0.353022994,-0.576233949,-0.634764687,1612161.336,1439710.844,1211846.992,1215730.992,1389429.695,4,1171256.016,96,5,1,1,2018,6,6,1
97,2018-01-07,2.196342274,-0.625633957,0.144918002,-0.722553898,-0.518688357,-0.523575445,-0.084381106,-0.494215248,-0.634764687,1171256.016,1612161.336,1439710.844,1211846.992,1215730.992,4,1246647.344,97,6,1,1,2018,7,7,1
98,2018-01-08,2.575895551,-1.13382398,0.569567305,-0.722553898,-0.091919456,-0.097282285,0.811091856,-0.74027135,-0.758235125,1246647.344,1171256.016,1612161.336,1439710.844,1211846.992,4,1168351.563,98,0,1,1,2018,8,8,2
99,2018-01-09,-0.438786927,0.032737777,0.50478389,-0.861712426,-1.28687238,-1.290903132,-0.532117587,-1.396420956,-0.758235125,1168351.563,1246647.344,1171256.016,1612161.336,1439710.844,5,1288409.637,99,1,1,1,2018,9,9,2
100,2018-01-10,0.154468872,-0.43665632,-0.188253846,-0.792133162,-1.116164819,-1.120385868,-0.532117587,-1.232383554,-0.758235125,1288409.637,1168351.563,1246647.344,1171256.016,1612161.336,4,1439447.641,100,2,1,1,2018,10,10,2
101,2018-01-11,-0.433069388,-0.456298283,-0.517207532,-0.792133162,-0.860103478,-0.864609973,0.094713486,-0.904308752,-0.758235125,1439447.641,1288409.637,1168351.563,1246647.344,1171256.016,5,1481206.672,101,3,1,1,2018,11,11,2
102,2018-01-12,-0.712647162,-0.609834987,-0.621906092,-0.792133162,-0.689395918,-0.694092709,0.00516619,-0.822290051,-0.758235125,1481206.672,1439447.641,1288409.637,1168351.563,1246647.344,7,1749645.629,102,4,1,1,2018,12,12,2
103,2019-01-01,-0.892291961,0.47821992,-2.109280413,-0.792133162,-0.860103478,-0.864609973,-0.353022994,-0.986327452,-0.758235125,1749645.629,1481206.672,1439447.641,1288409.637,1168351.563,6,1557360.348,103,1,1,1,2019,1,1,1
104,2019-01-02,-0.848734763,1.072602777,-0.981646066,-0.792133162,-0.860103478,-0.864609973,-0.800759475,-1.068346153,-0.758235125,1557360.348,1749645.629,1481206.672,1439447.641,1288409.637,7,1299840.996,104,2,1,1,2019,2,2,1
105,2019-01-03,-0.872640916,2.080869838,0.34317162,-0.722553898,-1.030811039,-1.035127236,-0.890306771,-0.904308752,-0.758235125,1299840.996,1557360.348,1749645.629,1481206.672,1439447.641,7,901253.9961,105,3,1,1,2019,3,3,1
106,2019-01-04,-0.266673432,2.228855553,0.9266001,-0.722553898,-0.604042137,-0.608834077,0.094713486,-0.576233949,-0.634764687,901253.9961,1299840.996,1557360.348,1749645.629,1481206.672,5,721550.9219,106,4,1,1,2019,4,4,1
107,2019-01-05,-0.690179685,1.861941259,1.456073879,-0.722553898,-0.604042137,-0.608834077,-0.173928402,-0.576233949,-0.758235125,721550.9219,901253.9961,1299840.996,1557360.348,1749645.629,7,809765.668,107,5,1,1,2019,5,5,1
108,2019-01-06,-0.103329153,0.553310776,1.249635767,-0.722553898,-0.860103478,-0.864609973,-0.353022994,-0.74027135,-0.758235125,809765.668,721550.9219,901253.9961,1299840.996,1557360.348,3,600244.5078,108,6,1,1,2019,6,6,1
109,2019-01-07,0.399921873,-0.526021149,0.295260854,-0.792133162,-0.774749698,-0.779351341,-0.532117587,-0.822290051,-0.758235125,600244.5078,809765.668,721550.9219,901253.9961,1299840.996,4,643518.1719,109,0,1,1,2019,7,7,2
110,2019-01-08,3.972081378,-0.565000074,0.353244843,-0.792133162,-0.689395918,-0.694092709,0.273808079,-0.986327452,-0.758235125,643518.1719,600244.5078,809765.668,721550.9219,901253.9961,4,614751.2813,110,1,1,1,2019,8,8,2
111,2019-01-09,0.900384819,-0.689195835,0.95650498,-0.722553898,-0.604042137,-0.608834077,-0.084381106,-0.74027135,-0.758235125,614751.2813,643518.1719,600244.5078,809765.668,721550.9219,4,707383.8184,111,2,1,1,2019,9,9,2
112,2019-01-10,0.402694245,-0.581714041,0.590469243,-0.722553898,-0.604042137,-0.608834077,-0.084381106,-0.658252649,-0.758235125,707383.8184,614751.2813,643518.1719,600244.5078,809765.668,4,824939.3203,112,3,1,1,2019,10,10,2
113,2019-01-11,-0.528952999,-0.714510786,-0.237801511,-0.722553898,-0.347980797,-0.353058181,-0.084381106,-0.658252649,-0.634764687,824939.3203,707383.8184,614751.2813,643518.1719,600244.5078,7,905148.8359,113,4,1,1,2019,11,11,2
114,2019-01-12,-0.738083176,-1.134311979,-0.373223402,-0.652974633,0.078788105,0.073234979,0.184260782,-0.412196547,-0.634764687,905148.8359,824939.3203,707383.8184,614751.2813,643518.1719,1,1115650.314,114,5,1,1,2019,12,12,2
115,2020-01-01,-0.892291961,0.235867386,-0.838984046,-0.722553898,-0.347980797,-0.353058181,-0.173928402,-0.576233949,-0.634764687,1115650.314,905148.8359,824939.3203,707383.8184,614751.2813,6,1172772.674,115,2,1,1,2020,1,1,1
116,2020-01-02,-0.892291961,0.428932015,-0.368375663,-0.792133162,-0.604042137,-0.608834077,-0.442570291,-0.904308752,-0.758235125,1172772.674,1115650.314,905148.8359,824939.3203,707383.8184,7,1014022.498,116,3,1,1,2020,2,2,1
117,2020-01-03,-0.610044496,1.573899813,0.738608577,-0.861712426,-1.37222616,-1.376161764,-1.069401364,-1.396420956,-0.881705563,1014022.498,1172772.674,1115650.314,905148.8359,824939.3203,5,792527.498,117,4,1,1,2020,3,3,1
118,2020-01-04,-0.193448483,1.741222491,1.14884058,-0.93129169,-1.884348842,-1.887713556,-1.875327029,-1.724495759,-0.881705563,792527.498,1014022.498,1172772.674,1115650.314,905148.8359,4,547420.4609,118,5,1,1,2020,4,4,1
119,2020-01-05,-0.385222218,1.838517304,1.067877051,-0.93129169,-1.628287501,-1.63193766,-1.517137845,-1.724495759,-0.881705563,547420.4609,792527.498,1014022.498,1172772.674,1115650.314,5,438238.334,119,6,1,1,2020,5,5,1
120,2020-01-06,1.066559323,-0.083528,0.798418338,-0.93129169,-1.798995061,-1.802454924,-2.054421622,-1.80651446,-0.881705563,438238.334,547420.4609,792527.498,1014022.498,1172772.674,4,360358.7539,120,0,1,1,2020,6,6,2
121,2020-01-07,1.5749869,-0.831447561,0.755040522,-0.93129169,-2.055056402,-2.05823082,-2.591705399,-1.88853316,-1.005176001,360358.7539,438238.334,547420.4609,792527.498,1014022.498,4,528853.5859,121,1,1,1,2020,7,7,2
122,2020-01-08,2.665112212,-0.406217379,0.506231916,-0.93129169,-1.798995061,-1.802454924,-2.412610806,-1.724495759,-0.881705563,528853.5859,360358.7539,438238.334,547420.4609,792527.498,4,620771.6406,122,2,1,1,2020,8,8,2
123,2020-01-09,1.846570158,-0.900926427,0.604760628,-0.861712426,-1.798995061,-1.717196292,-2.054421622,-1.642477058,-0.881705563,620771.6406,528853.5859,360358.7539,438238.334,547420.4609,4,713164.4092,123,3,1,1,2020,9,9,2
124,2020-01-10,-0.123103185,-0.529559142,0.394670972,-0.861712426,-1.628287501,-1.63193766,-2.054421622,-1.560458357,-0.881705563,713164.4092,620771.6406,528853.5859,360358.7539,438238.334,4,840310.6602,124,4,1,1,2020,10,10,2
125,2020-01-11,-0.464214512,-0.737141743,-0.598234019,-0.792133162,-1.201518599,-1.2056445,-1.696232437,-1.150364854,-0.758235125,840310.6602,713164.4092,620771.6406,528853.5859,360358.7539,5,917205.418,125,5,1,1,2020,11,11,2
126,2020-01-12,-0.61961255,-1.236303782,-0.778733582,-0.792133162,-0.433334577,-0.353058181,-1.517137845,-0.904308752,-0.758235125,917205.418,840310.6602,713164.4092,620771.6406,528853.5859,2,1173866.657,126,6,1,1,2020,12,12,2
127,2021-01-01,-0.593635548,-0.7072518,-1.024583178,-0.792133162,-0.091919456,-0.012023653,-1.427590548,-0.822290051,-0.758235125,1173866.657,917205.418,840310.6602,713164.4092,620771.6406,2,1203317.337,127,4,1,1,2021,1,1,53
128,2021-01-02,-0.8357545,0.425577021,-1.304178072,-0.792133162,-1.030811039,-1.035127236,-1.606685141,-0.986327452,-0.758235125,1203317.337,1173866.657,917205.418,840310.6602,713164.4092,7,1088028.749,128,5,1,1,2021,2,2,53
129,2021-01-03,-0.724505987,2.018222958,-0.10533863,-0.861712426,-1.201518599,-1.2056445,-1.606685141,-1.150364854,-0.758235125,1088028.749,1203317.337,1173866.657,917205.418,840310.6602,7,1095722.249,129,6,1,1,2021,3,3,53
130,2021-01-04,-0.552536551,1.456170039,1.175534621,-0.861712426,-1.45757994,-1.461420396,-1.696232437,-1.478439657,-0.881705563,1095722.249,1088028.749,1203317.337,1173866.657,917205.418,5,1079277.23,130,0,1,1,2021,4,4,1
131,2021-01-05,0.937658203,1.011846894,0.82108309,-0.93129169,-1.713641281,-1.717196292,-2.233516214,-1.724495759,-0.881705563,1079277.23,1095722.249,1088028.749,1203317.337,1173866.657,4,1174427.667,131,1,1,1,2021,5,5,1
132,2021-01-06,0.826399729,-0.047782068,0.648830978,-0.861712426,-1.542933721,-1.546679028,-1.785779733,-1.560458357,-0.881705563,1174427.667,1079277.23,1095722.249,1088028.749,1203317.337,4,969693.377,132,2,1,1,2021,6,6,1
133,2021-01-07,2.673709783,-0.512113175,0.297716202,-0.861712426,-1.45757994,-1.461420396,-1.785779733,-1.478439657,-0.881705563,969693.377,1174427.667,1079277.23,1095722.249,1088028.749,4,980580.293,133,3,1,1,2021,7,7,1
134,2021-01-08,0.996376091,-1.004809228,0.568874771,-0.861712426,-1.37222616,-1.376161764,-1.696232437,-1.396420956,-0.881705563,980580.293,969693.377,1174427.667,1079277.23,1095722.249,4,1050706.82,134,4,1,1,2021,8,8,1
135,2021-01-09,0.762177709,-0.375473438,0.755796014,-0.861712426,-1.45757994,-1.461420396,-2.054421622,-1.396420956,-0.758235125,1050706.82,980580.293,969693.377,1174427.667,1079277.23,4,1142729.205,135,5,1,1,2021,9,9,1
136,2021-01-10,1.326440459,-0.693892826,0.923011514,-0.861712426,-1.201518599,-1.2056445,-1.606685141,-1.150364854,-0.881705563,1142729.205,1050706.82,980580.293,969693.377,1174427.667,4,1289798.33,136,6,1,1,2021,10,10,1
137,2021-01-11,0.412077245,-1.298462663,0.231484761,-0.861712426,-0.774749698,-0.779351341,-1.15894866,-1.068346153,-0.881705563,1289798.33,1142729.205,1050706.82,980580.293,969693.377,4,1299918.709,137,0,1,1,2021,11,11,2
138,2021-01-12,-0.541126378,-1.307368646,-0.912329701,-0.861712426,-1.116164819,-1.120385868,-1.069401364,-1.068346153,-0.881705563,1299918.709,1289798.33,1142729.205,1050706.82,980580.293,5,1619263.329,138,1,1,1,2021,12,12,2
139,2022-01-01,-0.877276861,-0.30666557,-0.955455686,-0.792133162,-0.774749698,-0.779351341,-1.248495956,-1.232383554,-0.758235125,1619263.329,1299918.709,1289798.33,1142729.205,1050706.82,7,1203317.337,139,5,1,1,2022,1,1,52
140,2022-01-02,-0.87980441,0.370555127,-0.634749452,-0.792133162,-0.774749698,-0.779351341,-1.248495956,-0.904308752,-0.758235125,1203317.337,1619263.329,1299918.709,1289798.33,1142729.205,6,1088028.749,140,6,1,1,2022,2,2,52
141,2022-01-03,-0.704194799,1.292141355,-0.469737469,-0.722553898,-0.262627016,-0.267799549,-0.890306771,-0.74027135,-0.758235125,1088028.749,1203317.337,1619263.329,1299918.709,1289798.33,7,1095722.249,141,0,1,1,2022,3,3,1
142,2022-01-04,-0.247923523,1.300498338,0.768954161,-0.792133162,-0.433334577,-0.438316813,-0.173928402,-0.576233949,-0.758235125,1095722.249,1088028.749,1203317.337,1619263.329,1299918.709,5,1079277.23,142,1,1,1,2022,4,4,1
143,2022-01-05,0.912779651,0.906134097,0.406632924,-0.792133162,-0.262627016,-0.267799549,0.00516619,-0.248159146,-0.881705563,1079277.23,1095722.249,1088028.749,1203317.337,1619263.329,4,1174427.667,143,2,1,1,2022,5,5,1
144,2022-01-06,0.374532218,-0.173807826,0.625473692,-0.792133162,-0.433334577,-0.438316813,-0.353022994,-0.658252649,-0.758235125,1174427.667,1079277.23,1095722.249,1088028.749,1203317.337,4,969693.377,144,3,1,1,2022,6,6,1
145,2022-01-07,3.633279211,-0.697552819,0.253079233,-0.792133162,-0.604042137,-0.608834077,-0.711212179,-0.822290051,-0.881705563,969693.377,1174427.667,1079277.23,1095722.249,1088028.749,4,980580.293,145,4,1,1,2022,7,7,1
146,2022-01-08,2.822460795,-0.48899422,0.297275498,-0.861712426,-0.604042137,-0.608834077,-0.442570291,-0.822290051,-0.881705563,980580.293,969693.377,1174427.667,1079277.23,1095722.249,4,1050706.82,146,5,1,1,2022,8,8,1
147,2022-01-09,0.659677723,-0.358393471,0.614707935,-0.792133162,-0.518688357,-0.523575445,-0.442570291,-0.576233949,-0.758235125,1050706.82,980580.293,969693.377,1174427.667,1079277.23,4,1142729.205,147,6,1,1,2022,9,9,1
148,2022-01-10,0.379765089,-0.635271938,0.025235522,-0.792133162,-0.347980797,-0.438316813,-0.173928402,-0.412196547,-0.758235125,1142729.205,1050706.82,980580.293,969693.377,1174427.667,4,1289798.33,148,0,1,1,2022,10,10,2
149,2022-01-11,-0.160682311,-1.147609953,-1.020302059,-0.792133162,-0.006565675,-0.097282285,-0.621664883,-0.494215248,-0.758235125,1289798.33,1142729.205,1050706.82,980580.293,969693.377,3,1299918.709,149,1,1,1,2022,11,11,2
150,2022-01-12,-0.360123363,-0.771667676,-1.075956615,-0.792133162,0.164141885,0.158493611,0.00516619,-0.412196547,-0.758235125,1299918.709,1289798.33,1142729.205,1050706.82,980580.293,7,1619263.329,150,2,1,1,2022,12,12,2
